, https://www.mediawiki.org/
Jump to navigation, #mw-head
Jump to search, #searchInput
Disambiguazione, /wiki/Aiuto:Disambiguazione
Aristotele, /wiki/Aristotele
Fisica (Aristotele), /wiki/Fisica_(Aristotele)
fenomeni, /wiki/Fenomeno
dispersione ottica, /wiki/Dispersione_ottica
ottica, /wiki/Ottica
laser, /wiki/Laser
forza di Archimede, /wiki/Principio_di_Archimede
trottola, /wiki/Trottola
meccanica classica, /wiki/Meccanica_classica
urto anelastico, /wiki/Urto_anelastico
orbitali, /wiki/Orbitale_atomico
atomo, /wiki/Atomo
meccanica quantistica, /wiki/Meccanica_quantistica
bomba atomica, /wiki/Bomba_atomica
fulmine, /wiki/Fulmine
elettrico, /wiki/Elettricit%C3%A0
galassie, /wiki/Galassia
telescopio spaziale Hubble, /wiki/Telescopio_spaziale_Hubble
latino, /wiki/Lingua_latina
greco, /wiki/Lingua_greca
scienza, /wiki/Scienza
natura, /wiki/Natura
misurati, /wiki/Misurazione
grandezze fisiche, /wiki/Grandezza_fisica
principi, /wiki/Principio
leggi, /wiki/Legge_fisica
metodo scientifico, /wiki/Metodo_scientifico
modello, /wiki/Modello_fisico
[1], #cite_note-modello-1
teoria, /wiki/Teoria
deduttiva, /wiki/Deduzione
induzione, /wiki/Induzione
1 Storia, #Storia
2 Descrizione, #Descrizione
2.1 Metodo scientifico, #Metodo_scientifico
2.2 Misurazione, #Misurazione
2.2.1 Errori sperimentali, #Errori_sperimentali
2.3 Spazio e Tempo, #Spazio_e_Tempo
2.4 Massa, #Massa
2.5 Forza e Campo, #Forza_e_Campo
2.6 Modello, #Modello
3 Principali fenomeni fisici e teorie fisiche, #Principali_fenomeni_fisici_e_teorie_fisiche
3.1 Fisica classica, #Fisica_classica
3.2 Fisica moderna, #Fisica_moderna
3.3 Fisica sperimentale e fisica teorica, #Fisica_sperimentale_e_fisica_teorica
3.4 Fisica applicata, #Fisica_applicata
4 Branche della fisica, #Branche_della_fisica
4.1 Fisica matematica, #Fisica_matematica
4.2 Fisica atomica, #Fisica_atomica
4.3 Fisica della materia condensata, #Fisica_della_materia_condensata
4.4 Fisica nucleare e delle particelle, #Fisica_nucleare_e_delle_particelle
4.5 Fisica dei sistemi complessi, #Fisica_dei_sistemi_complessi
4.6 Fisica cibernetica, #Fisica_cibernetica
4.7 Fisica medica, #Fisica_medica
4.8 Biofisica, #Biofisica
4.9 Astrofisica, #Astrofisica
4.10 Geofisica, #Geofisica
5 Rapporti con le altre discipline, #Rapporti_con_le_altre_discipline
5.1 Matematica, #Matematica
5.2 Statistica, #Statistica
5.3 Informatica, #Informatica
5.4 Chimica, #Chimica
5.5 Ingegneria, #Ingegneria
5.6 Economia, #Economia
5.7 Filosofia, #Filosofia
6 Contributi e sviluppi conoscitivi, #Contributi_e_sviluppi_conoscitivi
7 Note, #Note
8 Bibliografia, #Bibliografia
9 Voci correlate, #Voci_correlate
10 Altri progetti, #Altri_progetti
11 Collegamenti esterni, #Collegamenti_esterni
modifica, /w/index.php?title=Fisica&veaction=edit&section=39
modifica wikitesto, /w/index.php?title=Fisica&action=edit&section=39
Storia della fisica, /wiki/Storia_della_fisica
storici della scienza, /wiki/Storia_della_scienza
Talete, /wiki/Talete
Empedocle, /wiki/Empedocle
Leucippo, /wiki/Leucippo
Democrito, /wiki/Democrito
Parmenide, /wiki/Parmenide
Popper, /wiki/Karl_Popper
senza fonte, /wiki/Wikipedia:Uso_delle_fonti
[2], #cite_note-Popper2002-2
Rivoluzione scientifica, /wiki/Rivoluzione_scientifica
XVII secolo, /wiki/XVII_secolo
Niccolò Copernico, /wiki/Niccol%C3%B2_Copernico
Keplero, /wiki/Keplero
Tycho Brahe, /wiki/Tycho_Brahe
Galileo Galilei, /wiki/Galileo_Galilei
Leibniz, /wiki/Leibniz
Newton, /wiki/Isaac_Newton
meccanica celeste, /wiki/Meccanica_celeste
calcolo infinitesimale, /wiki/Calcolo_infinitesimale
XVIII secolo, /wiki/XVIII_secolo
chimica, /wiki/Chimica
XIX secolo, /wiki/XIX_secolo
biologia, /wiki/Biologia
scienze della Terra, /wiki/Scienze_della_Terra
termodinamica, /wiki/Termodinamica
elettromagnetismo, /wiki/Elettromagnetismo
fisica classica, /wiki/Fisica_classica
fisica moderna, /wiki/Storia_della_fisica
teoria della relatività, /wiki/Teoria_della_relativit%C3%A0
Isaac Newton, /wiki/Isaac_Newton
[3], #cite_note-3
filosofia, /wiki/Filosofia
filosofia naturale, /wiki/Filosofia_naturale
[4], #cite_note-4
fenomeno, /wiki/Fenomeno
ipotesi, /wiki/Ipotesi
esperimenti, /wiki/Esperimento
assiomi, /wiki/Assioma
postulati, /wiki/Postulato
leggi empiriche, /wiki/Legge_empirica
legge fisica, /wiki/Legge_fisica
ciclo conoscitivo, /wiki/Ciclo_conoscitivo
induttivo, /wiki/Induzione
grandezza fisica, /wiki/Grandezza_fisica
misura, /wiki/Misura_(metrologia)
unità di misura, /wiki/Unit%C3%A0_di_misura
[5], #cite_note-5
materia, /wiki/Materia_(fisica)
spazio, /wiki/Spazio_(fisica)
tempo, /wiki/Tempo
scienza dura, /wiki/Scienza_dura
scienze sperimentali, /wiki/Scienze_sperimentali
scienze esatte, /wiki/Scienze_esatte
Metodo scientifico, /wiki/Metodo_scientifico
Piano inclinato, /wiki/Piano_inclinato
Bertrand Russell, /wiki/Bertrand_Russell
Karl Popper, /wiki/Karl_Popper
falsificazionismo, /wiki/Falsificazionismo
conoscenza, /wiki/Conoscenza
verifica sperimentale, /wiki/Esperimento
principio di autorità, /wiki/Principio_di_autorit%C3%A0
a madama Cristina di Lorena granduchessa di Toscana, https://en.wikisource.org/wiki/it:Lettere_(Galileo)/XIV
[6], #cite_note-6
[7], #cite_note-7
piano inclinato, /wiki/Piano_inclinato
attrito, /wiki/Attrito
statistici, /wiki/Statistica
[8], #cite_note-8
[9], #cite_note-9
metodo sperimentale, /wiki/Metodo_sperimentale
Albert Einstein, /wiki/Albert_Einstein
Max Born, /wiki/Max_Born
1926, /wiki/1926
Metrologia, /wiki/Metrologia
Strumenti di misura, /wiki/Strumenti_di_misura
metrologia, /wiki/Metrologia
metodi di misurazione, /wiki/Metodologia_di_misura
Sistema Internazionale, /wiki/Sistema_internazionale_di_unit%C3%A0_di_misura
[10], #cite_note-10
metro, /wiki/Metro
lunghezza, /wiki/Lunghezza
secondo, /wiki/Secondo
chilogrammo, /wiki/Chilogrammo
massa, /wiki/Massa_(fisica)
ampere, /wiki/Ampere
intensità di corrente, /wiki/Intensit%C3%A0_di_corrente
kelvin, /wiki/Kelvin
temperatura, /wiki/Temperatura
mole, /wiki/Mole
quantità di sostanza, /wiki/Quantit%C3%A0_di_sostanza
candela, /wiki/Candela_(unit%C3%A0_di_misura)
intensità luminosa, /wiki/Intensit%C3%A0_luminosa
sistema MKS, /wiki/Sistema_MKS
sistema CGS, /wiki/Sistema_CGS
centimetro, /wiki/Centimetro
grammo, /wiki/Grammo
Sistema imperiale britannico, /wiki/Sistema_imperiale_britannico
Sistema consuetudinario statunitense, /wiki/Sistema_consuetudinario_statunitense
Stati Uniti d'America, /wiki/Stati_Uniti_d%27America
da controllare, /wiki/Aiuto:Voci_da_controllare
Errore di misurazione, /wiki/Errore_di_misurazione
Incertezza di misura, /wiki/Incertezza_di_misura
qui, /wiki/Discussioni_progetto:Fisica#Discussione:Errore_di_misurazione
discussione, /wiki/Discussione:Fisica
correggi, https://it.wikipedia.org/w/index.php?title=Fisica&action=edit
progetto di riferimento, /wiki/Progetto:Fisica
Distribuzione normale, /wiki/Distribuzione_normale
Unità di misura, /wiki/Unit%C3%A0_di_misura
incertezza, /wiki/Errore_di_misurazione
[11], #cite_note-11
distribuzione gaussiana, /wiki/Distribuzione_gaussiana
taratura, /wiki/Taratura
[12], #cite_note-12
[13], #cite_note-13
deviazione standard, /wiki/Deviazione_standard
media aritmetica, /wiki/Media_aritmetica
[14], #cite_note-14
livello di confidenza, /wiki/Intervallo_di_confidenza
[15], #cite_note-15
[16], #cite_note-16
[17], #cite_note-17
[18], #cite_note-18
propagazione delle incertezze, /wiki/Propagazione_delle_incertezze
Fisica classica, /wiki/Fisica_classica
principio di indeterminazione di Heisenberg, /wiki/Principio_di_indeterminazione_di_Heisenberg
Spazio (fisica), /wiki/Spazio_(fisica)
Tempo (fisica), /wiki/Tempo_(fisica)
Sistema di coordinate cartesiane, /wiki/Sistema_di_coordinate_cartesiane
cesio, /wiki/Cesio_(elemento_chimico)
Novecento, /wiki/XX_secolo
sistema di riferimento, /wiki/Sistema_di_riferimento
Einstein, /wiki/Albert_Einstein
intervallo di Minkowski, /wiki/Spazio-tempo_di_Minkowski
spazio-tempo, /wiki/Spazio-tempo
relatività generale, /wiki/Relativit%C3%A0_generale
energia, /wiki/Energia
tensore energia impulso, /wiki/Tensore_energia_impulso
abbozzo, /wiki/Aiuto:Abbozzo
Contribuisci, https://it.wikipedia.org/w/index.php?title=Fisica&action=edit
convenzioni di Wikipedia, /wiki/Aiuto:Manuale_di_stile
Massa (fisica), /wiki/Massa_(fisica)
Massa, /wiki/Massa_(fisica)
Kilogrammo, /wiki/Kilogrammo
Sistema internazionale, /wiki/Sistema_internazionale
meccanica newtoniana, /wiki/Meccanica_newtoniana
inerzia, /wiki/Inerzia
moto, /wiki/Moto_(fisica)
teoria della gravitazione universale, /wiki/Teoria_della_gravitazione_universale
carica, /wiki/Carica_(fisica)
forza gravitazionale, /wiki/Forza_di_gravit%C3%A0
principio di equivalenza, /wiki/Principio_di_equivalenza
E = mc², /wiki/E_%3D_mc%C2%B2
Forza (fisica), /wiki/Forza_(fisica)
Campo (fisica), /wiki/Campo_(fisica)
linee di campo, /wiki/Linee_di_campo
campo magnetico, /wiki/Campo_magnetico
magnete, /wiki/Magnete
forza, /wiki/Forza
quantità di moto, /wiki/Quantit%C3%A0_di_moto
accelerazione, /wiki/Accelerazione
campo di forze, /wiki/Campo_di_forze
vettore, /wiki/Vettore_(fisica)
campo vettoriale, /wiki/Campo_vettoriale
linee di flusso, /wiki/Linee_di_flusso
campo gravitazionale, /wiki/Campo_gravitazionale
campo elettrico, /wiki/Campo_elettrico
Modello (scienza), /wiki/Modello_(scienza)
Modello fisico, /wiki/Modello_fisico
Modello atomico di Bohr, /wiki/Modello_atomico_di_Bohr
modello fisico, /wiki/Modello_fisico
simulazione, /wiki/Simulazione
modello matematico, /wiki/Modello_matematico
equazioni differenziali, /wiki/Equazione_differenziale
metodi numerici, /wiki/Calcolo_numerico
calcolatore, /wiki/Calcolatore
retroazione, /wiki/Retroazione
Onda superficiale, /wiki/Onda_(fisica)
Sistema termodinamico, /wiki/Sistema_termodinamico
cinematica, /wiki/Cinematica
forze, /wiki/Forza
energia meccanica, /wiki/Energia_meccanica
onde, /wiki/Onda_(fisica)
onde meccaniche, /wiki/Onda_meccanica
acustica, /wiki/Acustica
elettrodinamica, /wiki/Elettrodinamica
calore, /wiki/Calore
calorimetria, /wiki/Calorimetria
termometria, /wiki/Termometria
lavoro meccanico, /wiki/Lavoro_meccanico
termologia, /wiki/Termologia
cariche elettriche, /wiki/Carica_elettrica
elettricità, /wiki/Elettricit%C3%A0
materiali magnetici, /wiki/Magnetismo
struttura della materia, /wiki/Struttura_della_materia
materia fisica, /wiki/Materia_(fisica)
interazioni fondamentali, /wiki/Interazioni_fondamentali
leggi fisiche, /wiki/Leggi_fisiche
falsificabile, /wiki/Falsificabilit%C3%A0
induttiva, /wiki/Induzione
[19], #cite_note-19
teorie relativistiche, /wiki/Teoria_della_relativit%C3%A0
teorie di campo, /wiki/Teoria_quantistica_dei_campi
teoria newtoniana della gravità, /wiki/Gravit%C3%A0#La_legge_di_gravitazione_universale
XX secolo, /wiki/XX_secolo
precessione del perielio di Mercurio, /wiki/Precessione_del_perielio_di_Mercurio
effetto fotoelettrico, /wiki/Effetto_fotoelettrico
spazio assoluto, /wiki/Spazio_(fisica)
tempo assoluto, /wiki/Tempo
relatività galileiana, /wiki/Relativit%C3%A0_galileiana
principi di conservazione, /wiki/Principio_di_conservazione
Fisica moderna, /wiki/Fisica_moderna
Orbitale atomico, /wiki/Orbitale_atomico
teoria del caos, /wiki/Teoria_del_caos
velocità della luce, /wiki/Velocit%C3%A0_della_luce
universo, /wiki/Universo
osservabile, /wiki/Osservabile
dualismo onda-particella, /wiki/Dualismo_onda-particella
principio di complementarità, /wiki/Principio_di_complementarit%C3%A0
Fisica sperimentale, /wiki/Fisica_sperimentale
Fisica teorica, /wiki/Fisica_teorica
Wormhole, /wiki/Wormhole
Schwarzschild, /wiki/Karl_Schwarzschild
fisica sperimentale, /wiki/Fisica_sperimentale
fisica teorica, /wiki/Fisica_teorica
indagine scientifica, /wiki/Indagine_scientifica
esperimento, /wiki/Esperimento
teorie, /wiki/Teoria
fisica computazionale, /wiki/Fisica_computazionale
Fisica applicata, /wiki/Fisica_applicata
Fisica matematica, /wiki/Fisica_matematica
Teoria del Caos, /wiki/Teoria_del_Caos
scientifica, /wiki/Scienza
matematica, /wiki/Matematica
meccanica razionale, /wiki/Meccanica_razionale
meccanica lagrangiana, /wiki/Meccanica_lagrangiana
meccanica hamiltoniana, /wiki/Meccanica_hamiltoniana
meccanica statistica, /wiki/Meccanica_statistica
transizioni di fase, /wiki/Transizione_di_fase
operatore, /wiki/Operatore_(fisica)
Schrödinger, /wiki/Schr%C3%B6dinger
fisica dello stato solido, /wiki/Fisica_dello_stato_solido
sistemi dinamici, /wiki/Sistema_dinamico
sistemi caotici, /wiki/Teoria_del_caos
equazioni solitoniche, /wiki/Solitone
teoria quantistica dei campi, /wiki/Teoria_quantistica_dei_campi
teorie relativistiche del campo gravitazionale, /wiki/Relativit%C3%A0_generale
cosmologia, /wiki/Cosmologia_(astronomia)
teoria quantistica della gravità, /wiki/Gravit%C3%A0_quantistica
teoria del tutto, /wiki/Teoria_del_tutto
Fisica atomica, /wiki/Fisica_atomica
modelli atomici, /wiki/Modello_atomico
orbitale, /wiki/Orbitale_atomico
Fisica della materia condensata, /wiki/Fisica_della_materia_condensata
Condensato di Bose-Einstein, /wiki/Condensato_di_Bose-Einstein
fisica della materia condensata, /wiki/Fisica_della_materia_condensata
fisica della materia, /wiki/Fisica_della_materia
solidi, /wiki/Solido
elettroniche, /wiki/Elettronica
meccaniche, /wiki/Meccanica_classica
ottiche, /wiki/Ottica
magnetiche, /wiki/Magnetismo
cristalli, /wiki/Cristallo
atomica, /wiki/Atomo
elettronica, /wiki/Elettronica
dispositivi a semiconduttore, /wiki/Dispositivi_a_semiconduttore
relè, /wiki/Rel%C3%A8
valvole, /wiki/Valvola_termoionica
diodi termoionici, /wiki/Valvola_termoionica#Diodo
formulazione di Schrödinger, /wiki/Equazione_di_Schr%C3%B6dinger
approssimazione di Born - Oppenheimer, /wiki/Approssimazione_di_Born_-_Oppenheimer
reticolo cristallino, /wiki/Reticolo_cristallino
condizioni periodiche di Born-von Karman, /wiki/Condizioni_periodiche_di_Born-von_Karman
Teorema di Bloch, /wiki/Teorema_di_Bloch
funzione d'onda, /wiki/Funzione_d%27onda
fisica delle basse temperature, /w/index.php?title=Fisica_delle_basse_temperature&action=edit&redlink=1
zero assoluto, /wiki/Zero_assoluto
condensato di Bose-Einstein, /wiki/Condensato_di_Bose-Einstein
superconduttività, /wiki/Superconduttivit%C3%A0
Fisica nucleare, /wiki/Fisica_nucleare
Fisica delle particelle, /wiki/Fisica_delle_particelle
Reazione nucleare, /wiki/Reazione_nucleare
nucleo atomico, /wiki/Nucleo_atomico
protoni, /wiki/Protone
neutroni, /wiki/Neutrone
fisica atomica, /wiki/Fisica_atomica
elettroni, /wiki/Elettrone
fisica delle particelle, /wiki/Fisica_delle_particelle
energia nucleare, /wiki/Energia_nucleare
fisica nucleare, /wiki/Fisica_nucleare
medicina, /wiki/Medicina
medicina nucleare, /wiki/Medicina_nucleare
risonanza magnetica nucleare, /wiki/Risonanza_magnetica_nucleare
scienza dei materiali, /wiki/Scienza_dei_materiali
implantazioni ioniche, /w/index.php?title=Implantazioni_ioniche&action=edit&redlink=1
radiodatazione al carbonio, /wiki/Radiodatazione
Modello standard, /wiki/Modello_standard
costituenti fondamentali, /wiki/Particella_elementare
particelle elementari, /wiki/Particella_elementare
acceleratori di particelle, /wiki/Acceleratore_di_particelle
dualità onda-corpuscolo, /wiki/Dualit%C3%A0_onda-corpuscolo
onda, /wiki/Onda_(fisica)
vettori di stato, /wiki/Vettore_di_stato
spazio di Hilbert, /wiki/Spazio_di_Hilbert
Sistema complesso, /wiki/Sistema_complesso
Teoria della complessità, /wiki/Teoria_della_complessit%C3%A0
sistemi complessi, /wiki/Sistemi_complessi
econofisica, /wiki/Econofisica
sistema climatico, /wiki/Clima
Cibernetica, /wiki/Cibernetica
cibernetica, /wiki/Cibernetica
automatica, /wiki/Automatica
meccatronica, /wiki/Meccatronica
informatica, /wiki/Informatica
intelligenza artificiale, /wiki/Intelligenza_artificiale
Fisica medica, /wiki/Fisica_medica
radioprotezione, /wiki/Radioprotezione
diagnostica per immagini, /wiki/Imaging_biomedico
radioterapia, /wiki/Radioterapia
modellistica, /wiki/Modello_matematico
Biofisica, /wiki/Biofisica
proteine, /wiki/Proteine
acidi nucleici, /wiki/Acidi_nucleici
membrane cellulari, /wiki/Membrana_cellulare
ripiegamento delle proteine, /wiki/Ripiegamento_delle_proteine
Astrofisica, /wiki/Astrofisica
astrofisica, /wiki/Astrofisica
stelle, /wiki/Stella
pianeti, /wiki/Pianeta
buchi neri, /wiki/Buco_nero
astronomia, /wiki/Astronomia
oggetti celesti, /wiki/Oggetto_celeste
origine dell'universo, /wiki/Origine_dell%27universo
telescopi spaziali, /wiki/Telescopio_spaziale
Geofisica, /wiki/Geofisica
Geomagnetismo, /wiki/Geomagnetismo
Terra, /wiki/Terra
geologia, /wiki/Geologia
fisica della terra fluida, /wiki/Geofluidodinamica
fisica dell'atmosfera, /wiki/Fisica_dell%27atmosfera
meteorologia, /wiki/Meteorologia
oceanografia fisica, /wiki/Oceanografia_fisica
climatologia, /wiki/Climatologia
geomagnetismo, /wiki/Geomagnetismo
sismologia, /wiki/Sismologia
idrocarburi, /wiki/Idrocarburi
ingegneria civile, /wiki/Ingegneria_civile
ingegneria idraulica, /wiki/Ingegneria_idraulica
ingegneria mineraria, /wiki/Ingegneria_mineraria
energia geotermica, /wiki/Energia_geotermica
prospezioni geofisiche, /wiki/Prospezione_geofisica
tecnica, /wiki/Tecnica
Modelli matematici in fisica, /wiki/Modelli_matematici_in_fisica
Ipersfera, /wiki/Ipersfera
Geometria differenziale, /wiki/Geometria_differenziale
Toro, /wiki/Toro_(geometria)
Il Saggiatore, /wiki/Il_Saggiatore_(Galileo)
1623, /wiki/1623
[20], #cite_note-20
insieme, /wiki/Insieme
collezione, /wiki/Insieme
numeri reali, /wiki/Numero_reale
meccanica dei sistemi vincolati, /wiki/Meccanica_razionale
teoria della relatività generale, /wiki/Teoria_della_relativit%C3%A0_generale
varietà differenziale, /wiki/Variet%C3%A0_differenziale
proiettivizzato, /wiki/Spazio_proiettivo
esperimento di Michelson-Morley, /wiki/Esperimento_di_Michelson-Morley
esperimento della doppia fenditura, /wiki/Esperimento_della_doppia_fenditura
corpo nero, /wiki/Corpo_nero
effetto Compton, /wiki/Effetto_Compton
topologia, /wiki/Topologia
topologia algebrica, /wiki/Topologia_algebrica
differenziale, /wiki/Topologia_differenziale
teorie delle stringhe, /wiki/Teoria_delle_stringhe
geometria differenziale, /wiki/Geometria_differenziale
sistemi meccanici classici, /wiki/Meccanica_classica
analisi funzionale, /wiki/Analisi_funzionale
geometria non commutativa, /w/index.php?title=Geometria_non_commutativa&action=edit&redlink=1
equazioni differenziali alle derivate parziali, /wiki/Equazione_differenziale_alle_derivate_parziali
equazione di Hamilton-Jacobi, /wiki/Teoria_di_Hamilton-Jacobi
equazione di Poisson, /wiki/Equazione_di_Poisson
equazione delle onde, /wiki/Equazione_delle_onde
equazione del calore, /wiki/Equazione_del_calore
algebra, /wiki/Algebra
teoria dei gruppi, /wiki/Teoria_dei_gruppi
prodotto tensoriale, /wiki/Prodotto_tensoriale
spazi tangenti, /wiki/Spazio_tangente
duali, /wiki/Spazio_vettoriale_duale
fibrati vettoriali, /wiki/Fibrato_vettoriale
algebre di Clifford, /wiki/Algebra_di_Clifford
teoria dei spinori, /wiki/Spinore
operatori ellittici, /wiki/Operatore_ellittico
Dirac, /w/index.php?title=Operatore_di_Dirac&action=edit&redlink=1
teoria della misura, /wiki/Teoria_della_misura
teoria della probabilità, /wiki/Teoria_della_probabilit%C3%A0
teoria ergodica, /wiki/Teoria_ergodica
Statistica, /wiki/Statistica
Regressione lineare, /wiki/Regressione_lineare
campionamento statistico, /wiki/Campionamento_statistico
[21], #cite_note-21
analisi di regressione, /wiki/Analisi_di_regressione
regressione lineare, /wiki/Regressione_lineare
fisica statistica, /wiki/Fisica_statistica
deterministiche, /wiki/Determinismo
gradi di libertà, /wiki/Grado_di_libert%C3%A0_(statistica)
Informatica, /wiki/Informatica
Simulazione, /wiki/Simulazione
computer, /wiki/Computer
campionamento, /wiki/Campionamento_(teoria_dei_segnali)
strumento registratore, /wiki/Strumento_registratore
sistema di acquisizione dati, /wiki/Sistema_di_acquisizione_dati
sistema virtuale, /wiki/Realt%C3%A0_virtuale
controllo, /wiki/Controllo_automatico
Chimica, /wiki/Chimica
1, /wiki/Progetto:Fisica
2, /wiki/Progetto:Filosofia
molecole, /wiki/Molecole
Ångström, /wiki/%C3%85ngstr%C3%B6m
atomi, /wiki/Atomi
ioni, /wiki/Ione
complessi attivati, /wiki/Complesso_attivato
legami chimici, /wiki/Legami_chimici
forze di Van der Waals, /wiki/Forze_di_Van_der_Waals
legame a idrogeno, /wiki/Legame_a_idrogeno
forze di London, /wiki/Forza_di_London
Ingegneria, /wiki/Ingegneria
Pioneer 10, /wiki/Pioneer_10
ingegneria edile, /wiki/Ingegneria_edile
statica, /wiki/Statica
resistenza meccanica, /wiki/Resistenza_meccanica
sollecitazioni, /wiki/Azione_esterna
ingegneria meccanica, /wiki/Ingegneria_meccanica
ingegneria motoristica, /w/index.php?title=Ingegneria_motoristica&action=edit&redlink=1
macchine termiche, /wiki/Macchina_termica
ingegneria energetica, /wiki/Ingegneria_energetica
energie rinnovabili, /wiki/Energie_rinnovabili
combustibili fossili, /wiki/Combustibili_fossili
ingegneria dell'informazione, /wiki/Ingegneria_dell%27informazione
informazione, /wiki/Informazione
Econofisica, /wiki/Econofisica
economico, /wiki/Economia
mercati finanziari, /w/index.php?title=Mercato_finaziario&action=edit&redlink=1
mercato azionario, /wiki/Mercato_azionario
modelli, /wiki/Modello_matematico
modelli di percolazione, /wiki/Teoria_della_percolazione
geometria frattale, /wiki/Geometria_frattale
caotici, /wiki/Teoria_del_caos
Filosofia della fisica, /wiki/Filosofia_della_fisica
vuoto, /wiki/Vuoto_(filosofia)
[22], #cite_note-22
epistemologia, /wiki/Epistemologia
filosofia della scienza, /wiki/Filosofia_della_scienza
pubblicazioni scientifiche, /wiki/Pubblicazione_scientifica
riviste scientifiche, /wiki/Rivista_scientifica
revisione paritaria, /wiki/Revisione_paritaria
^, #cite_ref-22
Paul Adrien Maurice Dirac, /wiki/Paul_Adrien_Maurice_Dirac
Unended Quest: An Intellectual Autobiography, https://books.google.com/books?id=CxND59gFftMC&pg=PA148
ISBN, /wiki/ISBN
978-0-415-28589-6, /wiki/Speciale:RicercaISBN/978-0-415-28589-6
LCCN, /wiki/Library_of_Congress_Control_Number
2002067996, http://lccn.loc.gov/2002067996
DISF - Dizionario Interdisciplinare di Scienza e Fede | Chimica, http://web.archive.org/web/20131012012034/http://www.disf.org/Voci/38.asp
legge di Ohm, /wiki/Legge_di_Ohm
potenziale elettrico, /wiki/Potenziale_elettrico
resistenza, /wiki/Resistenza_elettrica
Turchetti, #CITEREFTurchetti
evoluzionismo, /wiki/Evoluzione
Charles Darwin, /wiki/Charles_Darwin
genetica, /wiki/Genetica
fossili, /wiki/Fossile
massa volumica, /wiki/Massa_volumica
glicerina, /wiki/Glicerina
analogici, /wiki/Analogico
errore di parallasse, /wiki/Errore_di_parallasse
teorema del limite centrale, /wiki/Teorema_del_limite_centrale
intervallo di confidenza, /wiki/Intervallo_di_confidenza
The Columbia Encyclopedia, #CITEREFThe_Columbia_Encyclopedia
campionamento dei segnali, /wiki/Campionamento_(teoria_dei_segnali)
grecia antica, /wiki/Grecia_antica
88-08-08962-2, /wiki/Speciale:RicercaISBN/88-08-08962-2
Elementi di Fisica, http://books.google.it/books?id=17cjPQAACAAJ
88-08-09755-2, /wiki/Speciale:RicercaISBN/88-08-09755-2
Fundamentals of Physics, http://books.google.it/books?id=y7lYHi4OZB0C
0-470-46911-0, /wiki/Speciale:RicercaISBN/0-470-46911-0
The Columbia Encyclopedia - "physics", http://www.credoreference.com/entry/columency/physics
Premio Nobel per la fisica, /wiki/Premio_Nobel_per_la_fisica
Costanti fondamentali, /wiki/Costante_fisica#Tabella_di_costanti_fisiche
Lista delle particelle, /wiki/Lista_delle_particelle
Sistema internazionale di unità di misura, /wiki/Sistema_internazionale_di_unit%C3%A0_di_misura
Cosmologia (astronomia), /wiki/Cosmologia_(astronomia)
Fisica molecolare, /wiki/Fisica_molecolare
Fisica ottica, /wiki/Ottica
Fisica dei materiali, /wiki/Fisica_dei_materiali
Fisica dello stato solido, /wiki/Fisica_dello_stato_solido
Materia soffice, /wiki/Materia_soffice
Fisica statistica, /wiki/Fisica_statistica
Fisica dei sistemi complessi, /wiki/Sistema_complesso
Meccanica classica, /wiki/Meccanica_classica
Statica, /wiki/Statica
Cinematica, /wiki/Cinematica
Dinamica, /wiki/Dinamica_(fisica)
Meccanica del continuo, /wiki/Meccanica_del_continuo
meccanica dei solidi, /wiki/Meccanica_dei_solidi
meccanica dei fluidi, /wiki/Meccanica_dei_fluidi
Gravità, /wiki/Gravit%C3%A0
Termodinamica, /wiki/Termodinamica
Meccanica statistica, /wiki/Meccanica_statistica
Calorimetria, /wiki/Calorimetria
Termologia, /wiki/Termologia
Elettromagnetismo, /wiki/Elettromagnetismo
Elettrodinamica, /wiki/Elettrodinamica
Elettrostatica, /wiki/Elettrostatica
Magnetismo, /wiki/Magnetismo
Ottica, /wiki/Ottica
Meccanica relativistica, /wiki/Meccanica_relativistica
Relatività ristretta, /wiki/Relativit%C3%A0_ristretta
Relatività generale, /wiki/Relativit%C3%A0_generale
Meccanica quantistica, /wiki/Meccanica_quantistica
Teoria quantistica dei campi, /wiki/Teoria_quantistica_dei_campi
Elettrodinamica quantistica, /wiki/Elettrodinamica_quantistica
Cromodinamica quantistica, /wiki/Cromodinamica_quantistica
Confronto tra chimica e fisica, /wiki/Confronto_tra_chimica_e_fisica
Problemi irrisolti della fisica, /wiki/Problemi_irrisolti_della_fisica
La fisica di Berkeley, /wiki/La_fisica_di_Berkeley
La fisica di Feynman, /wiki/La_fisica_di_Feynman
Corso di fisica teorica, /wiki/Corso_di_fisica_teorica
Wikisource, https://it.wikisource.org/wiki/
Wikiquote, https://it.wikiquote.org/wiki/Fisica
Wikibooks, https://it.wikibooks.org/wiki/
Wikizionario, https://it.wiktionary.org/wiki/
Wikiversità, https://it.wikiversity.org/wiki/Fisica
Wikinotizie, https://it.wikinews.org/wiki/
Wikimedia Commons, https://commons.wikimedia.org/wiki/Physics
fisica, 
Istituto dell'Enciclopedia Italiana, /wiki/Istituto_dell%27Enciclopedia_Italiana
Fisica, /wiki/Categoria:Fisica
Dizionario storico della Svizzera, /wiki/Dizionario_storico_della_Svizzera
Enciclopedia Britannica, /wiki/Enciclopedia_Britannica
The Encyclopedia of Science Fiction, /wiki/The_Encyclopedia_of_Science_Fiction
Opere riguardanti Fisica, https://openlibrary.org/subjects/physics
Open Library, /wiki/Open_Library
Internet Archive, /wiki/Internet_Archive
sito della Società Italiana di Fisica, https://web.archive.org/web/20100209035557/http://www.sif.it/SIF/it/portal
sito del Premio Nobel per la fisica, https://www.nobelprize.org/nobel_prizes/physics/
sito dell'American Physical Society, https://www.aps.org/
sito dell'American Association of Physics Teachers, http://www.aapt.org/
sito dell'American Institute of Physics, http://www.aip.org/
sito dell'Institute of Physics, http://www.iop.org/
Dal Brahaman alla Teoria delle Stringhe: la via orientale della fisica, http://www.elapsus.it/home1/index.php/scienza/astronomia/468-dal-brahaman-alla-teoria-delle-stringhe-la-via-orientale-della-fisica
V, /wiki/Template:Scienze_naturali
D, /w/index.php?title=Discussioni_template:Scienze_naturali&action=edit&redlink=1
M, https://it.wikipedia.org/w/index.php?title=Template:Scienze_naturali&action=edit
Energia, /wiki/Energia
Meccanica razionale, /wiki/Meccanica_razionale
Meccanica celeste, /wiki/Meccanica_celeste
Fluidodinamica, /wiki/Fluidodinamica
Onde, /wiki/Onda
campi, /wiki/Campo_(fisica)
Gravitazione, /wiki/Gravitazione
Relatività, /wiki/Teoria_della_relativit%C3%A0
Relatività speciale, /wiki/Relativit%C3%A0_speciale
matematiche, /wiki/Matematica
Fisica dell'acceleratore, /wiki/Fisica_dell%27acceleratore
Acustica, /wiki/Acustica
Chimica fisica, /wiki/Chimica_fisica
Fisica computazionale, /wiki/Fisica_computazionale
Fisica digitale, /w/index.php?title=Fisica_digitale&action=edit&redlink=1
Fisica tecnica, /wiki/Fisica_tecnica
Ottica non lineare, /wiki/Ottica_non_lineare
Ottica quantistica, /wiki/Ottica_quantistica
Fisica del plasma, /wiki/Plasma_(fisica)
Fisica dei polimeri, /w/index.php?title=Fisica_dei_polimeri&action=edit&redlink=1
economia, /wiki/Economia
Biomeccanica, /wiki/Biomeccanica
Neurofisica, /w/index.php?title=Neurofisica&action=edit&redlink=1
Agrofisica, /w/index.php?title=Agrofisica&action=edit&redlink=1
Fisica dell'atmosfera, /wiki/Fisica_dell%27atmosfera
Psicofisica, /wiki/Psicofisica
Scienze naturali, /wiki/Scienze_naturali
Astronomia, /wiki/Astronomia
Biologia, /wiki/Biologia
Scienze della Terra, /wiki/Scienze_della_Terra
Categoria delle voci correlate, /wiki/Categoria:Scienze_naturali
Controllo di autorità, /wiki/Aiuto:Controllo_di_autorit%C3%A0
Thesaurus BNCF, /wiki/Nuovo_soggettario
4964, https://thes.bncf.firenze.sbn.it/termine.php?id=4964
sh85101653, http://id.loc.gov/authorities/subjects/sh85101653
GND, /wiki/Gemeinsame_Normdatei
4045956-1, https://d-nb.info/gnd/4045956-1
BNF, /wiki/Biblioth%C3%A8que_nationale_de_France
cb11933127h, https://catalogue.bnf.fr/ark:/12148/cb11933127h
(data), https://data.bnf.fr/ark:/12148/cb11933127h
NDL, /wiki/Biblioteca_della_Dieta_nazionale_del_Giappone
00561121, https://id.ndl.go.jp/auth/ndlna/00561121
Portale Fisica, /wiki/Portale:Fisica
https://it.wikipedia.org/w/index.php?title=Fisica&oldid=125424495, https://it.wikipedia.org/w/index.php?title=Fisica&oldid=125424495
Categoria, /wiki/Categoria:Categorie
Informazioni senza fonte, /wiki/Categoria:Informazioni_senza_fonte
Controllare - fisica, /wiki/Categoria:Controllare_-_fisica
Controllare - ottobre 2009, /wiki/Categoria:Controllare_-_ottobre_2009
Stub sezione - fisica, /wiki/Categoria:Stub_sezione_-_fisica
Stub sezione - chimica, /wiki/Categoria:Stub_sezione_-_chimica
Stub sezione - economia, /wiki/Categoria:Stub_sezione_-_economia
Stub sezione - filosofia, /wiki/Categoria:Stub_sezione_-_filosofia
Voci con modulo citazione e parametro coautori, /wiki/Categoria:Voci_con_modulo_citazione_e_parametro_coautori
Collegamento interprogetto a Wikisource presente ma assente su Wikidata, /wiki/Categoria:Collegamento_interprogetto_a_Wikisource_presente_ma_assente_su_Wikidata
Collegamento interprogetto a Wikibooks presente ma assente su Wikidata, /wiki/Categoria:Collegamento_interprogetto_a_Wikibooks_presente_ma_assente_su_Wikidata
Collegamento interprogetto a Wikinews presente ma assente su Wikidata, /wiki/Categoria:Collegamento_interprogetto_a_Wikinews_presente_ma_assente_su_Wikidata
P3365 letta da Wikidata, /wiki/Categoria:P3365_letta_da_Wikidata
P902 letta da Wikidata, /wiki/Categoria:P902_letta_da_Wikidata
P1417 letta da Wikidata, /wiki/Categoria:P1417_letta_da_Wikidata
P5357 letta da Wikidata, /wiki/Categoria:P5357_letta_da_Wikidata
P3847 letta da Wikidata, /wiki/Categoria:P3847_letta_da_Wikidata
Voci con codice Thesaurus BNCF, /wiki/Categoria:Voci_con_codice_Thesaurus_BNCF
Voci con codice LCCN, /wiki/Categoria:Voci_con_codice_LCCN
Voci con codice GND, /wiki/Categoria:Voci_con_codice_GND
Voci con codice BNF, /wiki/Categoria:Voci_con_codice_BNF
Voci con codice NDL, /wiki/Categoria:Voci_con_codice_NDL
Voci non biografiche con codici di controllo di autorità, /wiki/Categoria:Voci_non_biografiche_con_codici_di_controllo_di_autorit%C3%A0
discussioni, /wiki/Speciale:MieDiscussioni
contributi, /wiki/Speciale:MieiContributi
registrati, /w/index.php?title=Speciale:CreaUtenza&returnto=Fisica
entra, /w/index.php?title=Speciale:Entra&returnto=Fisica
Voce, /wiki/Fisica
Discussione, /wiki/Discussione:Fisica
Leggi, /wiki/Fisica
Modifica, /w/index.php?title=Fisica&veaction=edit
Modifica wikitesto, /w/index.php?title=Fisica&action=edit
Cronologia, /w/index.php?title=Fisica&action=history
Pagina principale, /wiki/Pagina_principale
Ultime modifiche, /wiki/Speciale:UltimeModifiche
Una voce a caso, /wiki/Speciale:PaginaCasuale
Nelle vicinanze, /wiki/Speciale:NelleVicinanze
Vetrina, /wiki/Wikipedia:Vetrina
Aiuto, /wiki/Aiuto:Aiuto
Sportello informazioni, /wiki/Aiuto:Sportello_informazioni
Portale Comunità, /wiki/Portale:Comunit%C3%A0
Bar, /wiki/Wikipedia:Bar
Il Wikipediano, /wiki/Wikipedia:Wikipediano
Fai una donazione, //donate.wikimedia.org/wiki/Special:FundraiserRedirector?utm_source=donate&utm_medium=sidebar&utm_campaign=C13_it.wikipedia.org&uselang=it
Contatti, /wiki/Wikipedia:Contatti
Puntano qui, /wiki/Speciale:PuntanoQui/Fisica
Modifiche correlate, /wiki/Speciale:ModificheCorrelate/Fisica
Pagine speciali, /wiki/Speciale:PagineSpeciali
Link permanente, /w/index.php?title=Fisica&oldid=125424495
Informazioni pagina, /w/index.php?title=Fisica&action=info
Cita questa voce, /w/index.php?title=Speciale:Cita&page=Fisica&id=125424495&wpFormIdentifier=titleform
Elemento Wikidata, https://www.wikidata.org/wiki/Special:EntityPage/Q413
Crea un libro, /w/index.php?title=Speciale:Libro&bookcmd=book_creator&referer=Fisica
Scarica come PDF, /w/index.php?title=Speciale:DownloadAsPdf&page=Fisica&action=show-download-screen
Versione stampabile, /w/index.php?title=Fisica&printable=yes
Acèh, https://ace.wikipedia.org/wiki/Fisika
Afrikaans, https://af.wikipedia.org/wiki/Fisika
Alemannisch, https://als.wikipedia.org/wiki/Physik
አማርኛ, https://am.wikipedia.org/wiki/%E1%8B%A8%E1%89%B0%E1%8D%88%E1%8C%A5%E1%88%AE_%E1%88%95%E1%8C%8D%E1%8C%8B%E1%89%B5_%E1%8C%A5%E1%8A%93%E1%89%B5
Aragonés, https://an.wikipedia.org/wiki/Fisica
العربية, https://ar.wikipedia.org/wiki/%D9%81%D9%8A%D8%B2%D9%8A%D8%A7%D8%A1
ܐܪܡܝܐ, https://arc.wikipedia.org/wiki/%DC%A6%DC%9D%DC%A3%DC%9D%DC%9F
الدارجة, https://ary.wikipedia.org/wiki/%D9%81%D9%8A%D8%B2%D9%8A%D9%83
مصرى, https://arz.wikipedia.org/wiki/%D9%81%D9%8A%D8%B2%D9%8A%D8%A7
অসমীয়া, https://as.wikipedia.org/wiki/%E0%A6%AA%E0%A6%A6%E0%A6%BE%E0%A7%B0%E0%A7%8D%E0%A6%A5_%E0%A6%AC%E0%A6%BF%E0%A6%9C%E0%A7%8D%E0%A6%9E%E0%A6%BE%E0%A6%A8
Asturianu, https://ast.wikipedia.org/wiki/F%C3%ADsica
Kotava, https://avk.wikipedia.org/wiki/Altelopa
Azərbaycanca, https://az.wikipedia.org/wiki/Fizika
تۆرکجه, https://azb.wikipedia.org/wiki/%D9%81%DB%8C%D8%B2%DB%8C%DA%A9
Башҡортса, https://ba.wikipedia.org/wiki/%D0%A4%D0%B8%D0%B7%D0%B8%D0%BA%D0%B0
Boarisch, https://bar.wikipedia.org/wiki/Physik
Žemaitėška, https://bat-smg.wikipedia.org/wiki/Fiz%C4%97ka
Bikol Central, https://bcl.wikipedia.org/wiki/Pisika
Беларуская, https://be.wikipedia.org/wiki/%D0%A4%D1%96%D0%B7%D1%96%D0%BA%D0%B0
Беларуская (тарашкевіца), https://be-tarask.wikipedia.org/wiki/%D0%A4%D1%96%D0%B7%D1%8B%D0%BA%D0%B0
Български, https://bg.wikipedia.org/wiki/%D0%A4%D0%B8%D0%B7%D0%B8%D0%BA%D0%B0
भोजपुरी, https://bh.wikipedia.org/wiki/%E0%A4%AD%E0%A5%8C%E0%A4%A4%E0%A4%BF%E0%A4%95%E0%A5%80
Banjar, https://bjn.wikipedia.org/wiki/Pisika
বাংলা, https://bn.wikipedia.org/wiki/%E0%A6%AA%E0%A6%A6%E0%A6%BE%E0%A6%B0%E0%A7%8D%E0%A6%A5%E0%A6%AC%E0%A6%BF%E0%A6%9C%E0%A7%8D%E0%A6%9E%E0%A6%BE%E0%A6%A8
བོད་ཡིག, https://bo.wikipedia.org/wiki/%E0%BD%91%E0%BD%84%E0%BD%BC%E0%BD%A6%E0%BC%8B%E0%BD%81%E0%BD%98%E0%BD%A6%E0%BC%8B%E0%BD%A2%E0%BD%B2%E0%BD%82%E0%BC%8B%E0%BD%94%E0%BC%8B
বিষ্ণুপ্রিয়া মণিপুরী, https://bpy.wikipedia.org/wiki/%E0%A6%AA%E0%A6%A6%E0%A6%BE%E0%A6%B0%E0%A7%8D%E0%A6%A5%E0%A6%AC%E0%A6%BF%E0%A6%9C%E0%A7%8D%E0%A6%9E%E0%A6%BE%E0%A6%A8
Brezhoneg, https://br.wikipedia.org/wiki/Fizik
Bosanski, https://bs.wikipedia.org/wiki/Fizika
ᨅᨔ ᨕᨘᨁᨗ, https://bug.wikipedia.org/wiki/%E1%A8%84%E1%A8%97%E1%A8%94%E1%A8%97%E1%A8%80
Буряад, https://bxr.wikipedia.org/wiki/%D0%A4%D0%B8%D0%B7%D0%B8%D0%BA%D1%8D
Català, https://ca.wikipedia.org/wiki/F%C3%ADsica
Mìng-dĕ̤ng-ngṳ̄, https://cdo.wikipedia.org/wiki/%C5%ACk-l%C4%AB
Нохчийн, https://ce.wikipedia.org/wiki/%D0%A4%D0%B8%D0%B7%D0%B8%D0%BA%D0%B0
Cebuano, https://ceb.wikipedia.org/wiki/Pisika
کوردی, https://ckb.wikipedia.org/wiki/%D9%81%DB%8C%D8%B2%DB%8C%DA%A9
Corsu, https://co.wikipedia.org/wiki/Fisica
Qırımtatarca, https://crh.wikipedia.org/wiki/Fizika
Čeština, https://cs.wikipedia.org/wiki/Fyzika
Kaszëbsczi, https://csb.wikipedia.org/wiki/Fizyka
Чӑвашла, https://cv.wikipedia.org/wiki/%D0%A4%D0%B8%D0%B7%D0%B8%D0%BA%D0%B0
Cymraeg, https://cy.wikipedia.org/wiki/Ffiseg
Dansk, https://da.wikipedia.org/wiki/Fysik
Deutsch, https://de.wikipedia.org/wiki/Physik
Thuɔŋjäŋ, https://din.wikipedia.org/wiki/Pi%C3%B6%C3%B6ckat%C9%94%C9%94r
Zazaki, https://diq.wikipedia.org/wiki/Fizik
Dolnoserbski, https://dsb.wikipedia.org/wiki/Fyzika
ދިވެހިބަސް, https://dv.wikipedia.org/wiki/%DE%8A%DE%A9%DE%92%DE%A8%DE%94%DE%A7%DE%87%DE%A9_%DE%87%DE%A8%DE%8D%DE%B0%DE%89%DE%AA
ཇོང་ཁ, https://dz.wikipedia.org/wiki/%E0%BD%91%E0%BD%84%E0%BD%BC%E0%BD%A6%E0%BC%8B%E0%BD%81%E0%BD%98%E0%BD%A6%E0%BC%8B%E0%BD%A2%E0%BD%B2%E0%BD%82%E0%BC%8B%E0%BD%94
Ελληνικά, https://el.wikipedia.org/wiki/%CE%A6%CF%85%CF%83%CE%B9%CE%BA%CE%AE
Emiliàn e rumagnòl, https://eml.wikipedia.org/wiki/F%C3%AEsica
English, https://en.wikipedia.org/wiki/Physics
Esperanto, https://eo.wikipedia.org/wiki/Fiziko
Español, https://es.wikipedia.org/wiki/F%C3%ADsica
Eesti, https://et.wikipedia.org/wiki/F%C3%BC%C3%BCsika
Euskara, https://eu.wikipedia.org/wiki/Fisika
Estremeñu, https://ext.wikipedia.org/wiki/F%C3%ADsica
فارسی, https://fa.wikipedia.org/wiki/%D9%81%DB%8C%D8%B2%DB%8C%DA%A9
Suomi, https://fi.wikipedia.org/wiki/Fysiikka
Võro, https://fiu-vro.wikipedia.org/wiki/F%C3%BC%C3%BCsiga
Na Vosa Vakaviti, https://fj.wikipedia.org/wiki/Fisiki
Føroyskt, https://fo.wikipedia.org/wiki/Alisfr%C3%B8%C3%B0i
Français, https://fr.wikipedia.org/wiki/Physique
Arpetan, https://frp.wikipedia.org/wiki/Fesica
Nordfriisk, https://frr.wikipedia.org/wiki/F%C3%BCsiik
Furlan, https://fur.wikipedia.org/wiki/Fisiche
Frysk, https://fy.wikipedia.org/wiki/Natuerkunde
Gaeilge, https://ga.wikipedia.org/wiki/Fisic
贛語, https://gan.wikipedia.org/wiki/%E7%89%A9%E7%90%86%E5%AD%B8
Kriyòl gwiyannen, https://gcr.wikipedia.org/wiki/Fizik
Gàidhlig, https://gd.wikipedia.org/wiki/Fiosaig
Galego, https://gl.wikipedia.org/wiki/F%C3%ADsica
Avañe'ẽ, https://gn.wikipedia.org/wiki/Mba%27erekokuaa
ગુજરાતી, https://gu.wikipedia.org/wiki/%E0%AA%AD%E0%AB%8C%E0%AA%A4%E0%AA%BF%E0%AA%95%E0%AA%B6%E0%AA%BE%E0%AA%B8%E0%AB%8D%E0%AA%A4%E0%AB%8D%E0%AA%B0
Gaelg, https://gv.wikipedia.org/wiki/Fishig
客家語/Hak-kâ-ngî, https://hak.wikipedia.org/wiki/Vu%CC%8Dt-l%C3%AE-ho%CC%8Dk
Hawaiʻi, https://haw.wikipedia.org/wiki/K%C4%81laik%C5%ABlohea
עברית, https://he.wikipedia.org/wiki/%D7%A4%D7%99%D7%96%D7%99%D7%A7%D7%94
हिन्दी, https://hi.wikipedia.org/wiki/%E0%A4%AD%E0%A5%8C%E0%A4%A4%E0%A4%BF%E0%A4%95_%E0%A4%B6%E0%A4%BE%E0%A4%B8%E0%A5%8D%E0%A4%A4%E0%A5%8D%E0%A4%B0
Fiji Hindi, https://hif.wikipedia.org/wiki/Bhautik_vigyan
Hrvatski, https://hr.wikipedia.org/wiki/Fizika
Hornjoserbsce, https://hsb.wikipedia.org/wiki/Fyzika
Kreyòl ayisyen, https://ht.wikipedia.org/wiki/Fizik
Magyar, https://hu.wikipedia.org/wiki/Fizika
Հայերեն, https://hy.wikipedia.org/wiki/%D5%96%D5%AB%D5%A6%D5%AB%D5%AF%D5%A1
Interlingua, https://ia.wikipedia.org/wiki/Physica
Bahasa Indonesia, https://id.wikipedia.org/wiki/Fisika
Interlingue, https://ie.wikipedia.org/wiki/Fisica
Igbo, https://ig.wikipedia.org/wiki/%E1%BB%8C%CC%80m%E1%BB%A5%CC%80nt%E1%BB%A5d%E1%BB%8B
Ilokano, https://ilo.wikipedia.org/wiki/Pisika
Ido, https://io.wikipedia.org/wiki/Fiziko
Íslenska, https://is.wikipedia.org/wiki/E%C3%B0lisfr%C3%A6%C3%B0i
ᐃᓄᒃᑎᑐᑦ/inuktitut, https://iu.wikipedia.org/wiki/%E1%90%86%E1%92%AB%E1%91%A6%E1%93%B1%E1%93%95%E1%95%86%E1%93%82%E1%96%85/umatsuliriniq
日本語, https://ja.wikipedia.org/wiki/%E7%89%A9%E7%90%86%E5%AD%A6
Patois, https://jam.wikipedia.org/wiki/Fizix
La .lojban., https://jbo.wikipedia.org/wiki/termu%27eske
Jawa, https://jv.wikipedia.org/wiki/Fisika
ქართული, https://ka.wikipedia.org/wiki/%E1%83%A4%E1%83%98%E1%83%96%E1%83%98%E1%83%99%E1%83%90
Taqbaylit, https://kab.wikipedia.org/wiki/Tasengama
Kongo, https://kg.wikipedia.org/wiki/Fizika
Gĩkũyũ, https://ki.wikipedia.org/wiki/Physics
Қазақша, https://kk.wikipedia.org/wiki/%D0%A4%D0%B8%D0%B7%D0%B8%D0%BA%D0%B0
Kalaallisut, https://kl.wikipedia.org/wiki/Uumaatsulerineq
ភាសាខ្មែរ, https://km.wikipedia.org/wiki/%E1%9E%9A%E1%9E%BC%E1%9E%94%E1%9E%9C%E1%9E%B7%E1%9E%91%E1%9F%92%E1%9E%99%E1%9E%B6
ಕನ್ನಡ, https://kn.wikipedia.org/wiki/%E0%B2%AD%E0%B3%8C%E0%B2%A4%E0%B2%B6%E0%B2%BE%E0%B2%B8%E0%B3%8D%E0%B2%A4%E0%B3%8D%E0%B2%B0
한국어, https://ko.wikipedia.org/wiki/%EB%AC%BC%EB%A6%AC%ED%95%99
कॉशुर / کٲشُر, https://ks.wikipedia.org/wiki/%D8%B7%D8%A8%D9%8E%DB%8C%D8%B9%DB%8C%D8%A7%D8%AA
Kurdî, https://ku.wikipedia.org/wiki/Fiz%C3%AEk
Kernowek, https://kw.wikipedia.org/wiki/Fysegieth
Кыргызча, https://ky.wikipedia.org/wiki/%D0%A4%D0%B8%D0%B7%D0%B8%D0%BA%D0%B0
Latina, https://la.wikipedia.org/wiki/Physica
Ladino, https://lad.wikipedia.org/wiki/Fisika
Lëtzebuergesch, https://lb.wikipedia.org/wiki/Physik
Лезги, https://lez.wikipedia.org/wiki/%D0%A4%D0%B8%D0%B7%D0%B8%D0%BA%D0%B0
Lingua Franca Nova, https://lfn.wikipedia.org/wiki/Fisica
Luganda, https://lg.wikipedia.org/wiki/Ebyobuzimbe
Limburgs, https://li.wikipedia.org/wiki/Natuurkunde
Ligure, https://lij.wikipedia.org/wiki/Fixica
Ladin, https://lld.wikipedia.org/wiki/Fisica
Lombard, https://lmo.wikipedia.org/wiki/Fisica
Lingála, https://ln.wikipedia.org/wiki/F%C3%ADz%C3%ADk%C3%AD
ລາວ, https://lo.wikipedia.org/wiki/%E0%BA%A7%E0%BA%B1%E0%BA%94%E0%BA%96%E0%BA%B8%E0%BA%A7%E0%BA%B4%E0%BA%97%E0%BA%B0%E0%BA%8D%E0%BA%B2
Lietuvių, https://lt.wikipedia.org/wiki/Fizika
Latviešu, https://lv.wikipedia.org/wiki/Fizika
Madhurâ, https://mad.wikipedia.org/wiki/Fisika
मैथिली, https://mai.wikipedia.org/wiki/%E0%A4%AD%E0%A5%8C%E0%A4%A4%E0%A4%BF%E0%A4%95_%E0%A4%B6%E0%A4%BE%E0%A4%B8%E0%A5%8D%E2%80%8D%E0%A4%A4%E0%A5%8D%E0%A4%B0
Basa Banyumasan, https://map-bms.wikipedia.org/wiki/Fisika
Malagasy, https://mg.wikipedia.org/wiki/Fizika
Олык марий, https://mhr.wikipedia.org/wiki/%D0%A4%D0%B8%D0%B7%D0%B8%D0%BA%D0%B5
Minangkabau, https://min.wikipedia.org/wiki/Fisika
Македонски, https://mk.wikipedia.org/wiki/%D0%A4%D0%B8%D0%B7%D0%B8%D0%BA%D0%B0
മലയാളം, https://ml.wikipedia.org/wiki/%E0%B4%AD%E0%B5%97%E0%B4%A4%E0%B4%BF%E0%B4%95%E0%B4%B6%E0%B4%BE%E0%B4%B8%E0%B5%8D%E0%B4%A4%E0%B5%8D%E0%B4%B0%E0%B4%82
Монгол, https://mn.wikipedia.org/wiki/%D0%A4%D0%B8%D0%B7%D0%B8%D0%BA
मराठी, https://mr.wikipedia.org/wiki/%E0%A4%AD%E0%A5%8C%E0%A4%A4%E0%A4%BF%E0%A4%95%E0%A4%B6%E0%A4%BE%E0%A4%B8%E0%A5%8D%E0%A4%A4%E0%A5%8D%E0%A4%B0
Bahasa Melayu, https://ms.wikipedia.org/wiki/Fizik
Mirandés, https://mwl.wikipedia.org/wiki/F%C3%ADsica
မြန်မာဘာသာ, https://my.wikipedia.org/wiki/%E1%80%9B%E1%80%B0%E1%80%95%E1%80%97%E1%80%B1%E1%80%92
Эрзянь, https://myv.wikipedia.org/wiki/%D0%A4%D0%B8%D0%B7%D0%B8%D0%BA%D0%B0
مازِرونی, https://mzn.wikipedia.org/wiki/%D9%81%DB%8C%D8%B2%DB%8C%DA%A9
Nāhuatl, https://nah.wikipedia.org/wiki/Iuhcayotl
Napulitano, https://nap.wikipedia.org/wiki/F%C3%ADseca
Plattdüütsch, https://nds.wikipedia.org/wiki/Physik
Nedersaksies, https://nds-nl.wikipedia.org/wiki/Netuurkunde
नेपाली, https://ne.wikipedia.org/wiki/%E0%A4%AD%E0%A5%8C%E0%A4%A4%E0%A4%BF%E0%A4%95_%E0%A4%B6%E0%A4%BE%E0%A4%B8%E0%A5%8D%E0%A4%A4%E0%A5%8D%E0%A4%B0
नेपाल भाषा, https://new.wikipedia.org/wiki/%E0%A4%AD%E0%A5%8C%E0%A4%A4%E0%A4%BF%E0%A4%95_%E0%A4%B6%E0%A4%BE%E0%A4%B8%E0%A5%8D%E0%A4%A4%E0%A5%8D%E0%A4%B0
Nederlands, https://nl.wikipedia.org/wiki/Natuurkunde
Norsk nynorsk, https://nn.wikipedia.org/wiki/Fysikk
Norsk bokmål, https://no.wikipedia.org/wiki/Fysikk
Novial, https://nov.wikipedia.org/wiki/Fisike
Nouormand, https://nrm.wikipedia.org/wiki/Ph%C5%B7sique
Sesotho sa Leboa, https://nso.wikipedia.org/wiki/Fisika
Occitan, https://oc.wikipedia.org/wiki/Fisica
Oromoo, https://om.wikipedia.org/wiki/Fiiziksii
ଓଡ଼ିଆ, https://or.wikipedia.org/wiki/%E0%AC%AA%E0%AC%A6%E0%AC%BE%E0%AC%B0%E0%AD%8D%E0%AC%A5_%E0%AC%AC%E0%AC%BF%E0%AC%9C%E0%AD%8D%E0%AC%9E%E0%AC%BE%E0%AC%A8
Ирон, https://os.wikipedia.org/wiki/%D0%A4%D0%B8%D0%B7%D0%B8%D0%BA%C3%A6
ਪੰਜਾਬੀ, https://pa.wikipedia.org/wiki/%E0%A8%AD%E0%A9%8C%E0%A8%A4%E0%A8%BF%E0%A8%95_%E0%A8%B5%E0%A8%BF%E0%A8%97%E0%A8%BF%E0%A8%86%E0%A8%A8
Kapampangan, https://pam.wikipedia.org/wiki/F%C3%ADsika
Picard, https://pcd.wikipedia.org/wiki/Fisike
Norfuk / Pitkern, https://pih.wikipedia.org/wiki/Fisiks
Polski, https://pl.wikipedia.org/wiki/Fizyka
Piemontèis, https://pms.wikipedia.org/wiki/F%C3%ACsica
پنجابی, https://pnb.wikipedia.org/wiki/%D9%81%D8%B2%DA%A9%D8%B3
پښتو, https://ps.wikipedia.org/wiki/%D9%81%D8%B2%DB%8C%DA%A9
Português, https://pt.wikipedia.org/wiki/F%C3%ADsica
Runa Simi, https://qu.wikipedia.org/wiki/Pachaykamay
Română, https://ro.wikipedia.org/wiki/Fizic%C4%83
Armãneashti, https://roa-rup.wikipedia.org/wiki/Fizic%C3%A2
Русский, https://ru.wikipedia.org/wiki/%D0%A4%D0%B8%D0%B7%D0%B8%D0%BA%D0%B0
Русиньскый, https://rue.wikipedia.org/wiki/%D0%A4%D1%96%D0%B7%D1%96%D0%BA%D0%B0
संस्कृतम्, https://sa.wikipedia.org/wiki/%E0%A4%AD%E0%A5%8C%E0%A4%A4%E0%A4%BF%E0%A4%95%E0%A4%B6%E0%A4%BE%E0%A4%B8%E0%A5%8D%E0%A4%A4%E0%A5%8D%E0%A4%B0%E0%A4%AE%E0%A5%8D
Саха тыла, https://sah.wikipedia.org/wiki/%D0%A4%D0%B8%D0%B7%D0%B8%D0%BA%D0%B0
Sardu, https://sc.wikipedia.org/wiki/F%C3%ACsica
Sicilianu, https://scn.wikipedia.org/wiki/F%C3%ACsica
Scots, https://sco.wikipedia.org/wiki/Naitural_philosophy
سنڌي, https://sd.wikipedia.org/wiki/%D9%81%D8%B2%DA%AA%D8%B3
Srpskohrvatski / српскохрватски, https://sh.wikipedia.org/wiki/Fizika
Taclḥit, https://shi.wikipedia.org/wiki/Tasngama
ၽႃႇသႃႇတႆး, https://shn.wikipedia.org/wiki/%E1%80%95%E1%81%A2%E1%82%86%E1%80%B8%E1%82%81%E1%81%A2%E1%80%84%E1%80%BA%E1%82%88
සිංහල, https://si.wikipedia.org/wiki/%E0%B6%B7%E0%B7%9E%E0%B6%AD%E0%B7%92%E0%B6%9A_%E0%B7%80%E0%B7%92%E0%B6%AF%E0%B7%8A%E2%80%8D%E0%B6%BA%E0%B7%8F%E0%B7%80
Simple English, https://simple.wikipedia.org/wiki/Physics
Slovenčina, https://sk.wikipedia.org/wiki/Fyzika
سرائیکی, https://skr.wikipedia.org/wiki/%D8%B7%D8%A8%DB%8C%D8%B9%DB%8C%D8%A7%D8%AA_(%D9%81%D8%B2%DA%A9%D8%B3)
Slovenščina, https://sl.wikipedia.org/wiki/Fizika
Gagana Samoa, https://sm.wikipedia.org/wiki/Fisiki
ChiShona, https://sn.wikipedia.org/wiki/Fundoyetsimba
Soomaaliga, https://so.wikipedia.org/wiki/Fiisigis
Shqip, https://sq.wikipedia.org/wiki/Fizika
Српски / srpski, https://sr.wikipedia.org/wiki/%D0%A4%D0%B8%D0%B7%D0%B8%D0%BA%D0%B0
Sranantongo, https://srn.wikipedia.org/wiki/Sabi_fu_natru
Sesotho, https://st.wikipedia.org/wiki/Fisiksi
Seeltersk, https://stq.wikipedia.org/wiki/Physik
Sunda, https://su.wikipedia.org/wiki/Fisika
Svenska, https://sv.wikipedia.org/wiki/Fysik
Kiswahili, https://sw.wikipedia.org/wiki/Fizikia
Ślůnski, https://szl.wikipedia.org/wiki/Fizyka
தமிழ், https://ta.wikipedia.org/wiki/%E0%AE%87%E0%AE%AF%E0%AE%B1%E0%AF%8D%E0%AE%AA%E0%AE%BF%E0%AE%AF%E0%AE%B2%E0%AF%8D
ತುಳು, https://tcy.wikipedia.org/wiki/%E0%B2%AD%E0%B3%8C%E0%B2%A4_%E0%B2%B6%E0%B2%BE%E0%B2%B8%E0%B3%8D%E0%B2%A4%E0%B3%8D%E0%B2%B0
తెలుగు, https://te.wikipedia.org/wiki/%E0%B0%AD%E0%B1%8C%E0%B0%A4%E0%B0%BF%E0%B0%95_%E0%B0%B6%E0%B0%BE%E0%B0%B8%E0%B1%8D%E0%B0%A4%E0%B1%8D%E0%B0%B0%E0%B0%AE%E0%B1%81
Тоҷикӣ, https://tg.wikipedia.org/wiki/%D0%A4%D0%B8%D0%B7%D0%B8%D0%BA%D0%B0
ไทย, https://th.wikipedia.org/wiki/%E0%B8%9F%E0%B8%B4%E0%B8%AA%E0%B8%B4%E0%B8%81%E0%B8%AA%E0%B9%8C
ትግርኛ, https://ti.wikipedia.org/wiki/%E1%8D%8A%E1%8B%9A%E1%8A%AD%E1%88%B5
Türkmençe, https://tk.wikipedia.org/wiki/Fizika
Tagalog, https://tl.wikipedia.org/wiki/Pisika
Lea faka-Tonga, https://to.wikipedia.org/wiki/Fisiki
Türkçe, https://tr.wikipedia.org/wiki/Fizik
Xitsonga, https://ts.wikipedia.org/wiki/Ntivo-Ntumbuluko
Татарча/tatarça, https://tt.wikipedia.org/wiki/%D0%A4%D0%B8%D0%B7%D0%B8%D0%BA%D0%B0
Удмурт, https://udm.wikipedia.org/wiki/%D0%A4%D0%B8%D0%B7%D0%B8%D0%BA%D0%B0
ئۇيغۇرچە / Uyghurche, https://ug.wikipedia.org/wiki/%D9%81%D9%89%D8%B2%D9%89%D9%83%D8%A7
Українська, https://uk.wikipedia.org/wiki/%D0%A4%D1%96%D0%B7%D0%B8%D0%BA%D0%B0
اردو, https://ur.wikipedia.org/wiki/%D8%B7%D8%A8%DB%8C%D8%B9%DB%8C%D8%A7%D8%AA
Oʻzbekcha/ўзбекча, https://uz.wikipedia.org/wiki/Fizika
Vèneto, https://vec.wikipedia.org/wiki/Fizega
Tiếng Việt, https://vi.wikipedia.org/wiki/V%E1%BA%ADt_l%C3%BD_h%E1%BB%8Dc
Volapük, https://vo.wikipedia.org/wiki/F%C3%BCs%C3%BCd
Walon, https://wa.wikipedia.org/wiki/Fizike
Winaray, https://war.wikipedia.org/wiki/Fisika
Wolof, https://wo.wikipedia.org/wiki/J%C3%ABmm
吴语, https://wuu.wikipedia.org/wiki/%E7%89%A9%E7%90%86%E5%AD%A6
Хальмг, https://xal.wikipedia.org/wiki/%D0%A4%D0%B8%D0%B7%D0%B8%D0%BA%D0%B0
IsiXhosa, https://xh.wikipedia.org/wiki/Ifiziki
მარგალური, https://xmf.wikipedia.org/wiki/%E1%83%A4%E1%83%98%E1%83%96%E1%83%98%E1%83%99%E1%83%90
ייִדיש, https://yi.wikipedia.org/wiki/%D7%A4%D7%99%D7%96%D7%99%D7%A7
Yorùbá, https://yo.wikipedia.org/wiki/F%C3%ADs%C3%ADks%C3%AC
Vahcuengh, https://za.wikipedia.org/wiki/Vuzleix
Zeêuws, https://zea.wikipedia.org/wiki/Natuurkunde
中文, https://zh.wikipedia.org/wiki/%E7%89%A9%E7%90%86%E5%AD%A6
文言, https://zh-classical.wikipedia.org/wiki/%E7%89%A9%E7%90%86
Bân-lâm-gú, https://zh-min-nan.wikipedia.org/wiki/Bu%CC%8Dt-l%C3%AD-ha%CC%8Dk
粵語, https://zh-yue.wikipedia.org/wiki/%E7%89%A9%E7%90%86%E5%AD%B8
Modifica collegamenti, https://www.wikidata.org/wiki/Special:EntityPage/Q413#sitelinks-wikipedia
licenza Creative Commons Attribuzione-Condividi allo stesso modo, https://creativecommons.org/licenses/by-sa/3.0/deed.it
condizioni d'uso, https://foundation.wikimedia.org/wiki/Special:MyLanguage/Terms_of_Use/it
Informativa sulla privacy, https://meta.wikimedia.org/wiki/Privacy_policy/it
Informazioni su Wikipedia, /wiki/Wikipedia:Sala_stampa/Wikipedia
Avvertenze, /wiki/Wikipedia:Avvertenze_generali
Versione mobile, //it.m.wikipedia.org/w/index.php?title=Fisica&mobileaction=toggle_view_mobile
Sviluppatori, https://www.mediawiki.org/wiki/Special:MyLanguage/How_to_contribute
Statistiche, https://stats.wikimedia.org/#/it.wikipedia.org
Dichiarazione sui cookie, https://foundation.wikimedia.org/wiki/Cookie_statement
